{"loss": [5.16721773147583, 3.5214767456054688, 3.543452501296997, 3.4943606853485107, 3.397913694381714, 3.2498557567596436, 2.9516518115997314, 2.63840913772583, 2.2735891342163086, 1.8677396774291992, 1.7020200490951538, 1.4126533269882202, 1.15998375415802, 1.0263750553131104, 0.9360266923904419, 0.8661953210830688, 0.7685128450393677, 0.619925320148468, 0.5585033297538757, 0.5144035816192627, 0.46844080090522766, 0.4458082318305969, 0.4019511640071869, 0.3727322220802307, 0.3359034061431885, 0.3234366774559021, 0.3855014443397522, 0.29311230778694153, 0.23653389513492584, 0.2228117734193802, 0.28545868396759033, 0.3000412881374359], "accuracy": [0.045906901359558105, 0.0545746386051178, 0.04751203954219818, 0.0638844296336174, 0.08731941878795624, 0.1248796135187149, 0.19325841963291168, 0.2821829915046692, 0.37495988607406616, 0.4837881326675415, 0.5390048027038574, 0.617977499961853, 0.6869983673095703, 0.7248796224594116, 0.7512038350105286, 0.7579454183578491, 0.7942215204238892, 0.832423746585846, 0.8426966071128845, 0.8565008044242859, 0.8706260323524475, 0.8821830153465271, 0.8982343673706055, 0.9052969217300415, 0.9120385050773621, 0.9158908724784851, 0.9017656445503235, 0.9242375493049622, 0.9393258690834045, 0.9412519931793213, 0.936115562915802, 0.9235954880714417], "val_loss": [3.4056434631347656, 3.5366740226745605, 3.5253586769104004, 3.4119620323181152, 3.0505611896514893, 2.8627798557281494, 2.5416669845581055, 2.067087411880493, 1.5682586431503296, 1.530821681022644, 1.1565290689468384, 1.0349303483963013, 0.9045508503913879, 0.9724680781364441, 0.8552722334861755, 0.85269695520401, 0.7444444894790649, 0.607780933380127, 0.5176267623901367, 0.6139318943023682, 0.7651714086532593, 0.6413698196411133, 0.5254483222961426, 0.49245521426200867, 0.6612013578414917, 0.693720817565918, 0.6081624627113342, 0.5389708876609802, 0.46513310074806213, 0.5956094861030579, 0.5321739315986633, 0.691340982913971], "val_accuracy": [0.07977207750082016, 0.04843304678797722, 0.056980058550834656, 0.11965811997652054, 0.21082621812820435, 0.27920228242874146, 0.3504273593425751, 0.470085471868515, 0.6182336211204529, 0.6353276371955872, 0.7407407164573669, 0.7720797657966614, 0.7891737818717957, 0.811965823173523, 0.7948718070983887, 0.8404558300971985, 0.8461538553237915, 0.8888888955116272, 0.9002848863601685, 0.8917378783226013, 0.8974359035491943, 0.8974359035491943, 0.9230769276618958, 0.9287749528884888, 0.9088318943977356, 0.9316239356994629, 0.9316239356994629, 0.934472918510437, 0.9373219609260559, 0.9173789024353027, 0.934472918510437, 0.945868968963623]}